Barometer,Temp,NO,PM-10,RH,Radiation,WindDir,SO2,NOx,NO2,Compass,PM-2-5,CO,PM-1,O3,Wind Spd,TSP
1005.93,26.11,6.14,29.34,96.21,86.22,132.25,74.12,46.34,31.38,327.68,11.03,978.60,4.96,33.54,1.62,55.70
1006.30,28.35,2.90,16.27,94.44,49.88,141.25,72.85,17.51,21.93,323.95,6.90,339.98,3.04,30.80,1.81,28.66
1007.45,26.93,6.19,19.49,97.09,94.16,138.26,71.61,33.78,26.93,326.92,8.84,429.64,3.82,29.53,1.64,35.16
1006.86,27.22,3.28,17.99,93.76,65.13,138.07,68.31,20.06,13.73,321.70,8.12,360.01,2.89,30.19,1.55,31.07
1007.17,26.53,3.56,16.52,97.29,58.20,139.13,68.09,32.36,11.74,323.65,6.96,298.74,2.48,32.75,1.56,28.13
1007.09,27.39,4.65,17.05,94.85,67.42,146.77,70.89,39.14,19.57,326.20,6.71,266.49,2.54,42.03,1.40,30.88
1007.14,29.95,6.83,31.12,96.18,88.72,148.03,71.14,63.73,24.13,326.41,11.69,440.40,3.40,30.40,1.47,47.15
1006.99,27.46,2.92,18.22,96.61,89.20,138.79,67.93,37.69,12.67,324.94,5.38,297.58,2.09,32.73,1.45,32.88
1007.84,26.58,3.95,22.96,93.15,85.65,142.23,67.36,35.48,15.52,321.73,8.80,334.66,2.55,29.92,1.55,36.71
1006.93,28.62,9.36,23.09,92.76,77.17,144.93,70.13,37.22,21.08,325.03,9.36,641.99,2.87,28.12,1.53,38.94
1007.83,27.34,4.54,19.29,90.48,81.31,145.66,62.35,15.35,10.51,322.25,7.46,644.05,2.72,28.87,1.60,34.28
1007.05,26.48,3.44,26.04,86.01,113.87,158.11,69.73,8.87,8.09,320.27,8.76,615.49,2.70,32.44,1.27,49.53
1007.08,27.06,5.00,17.27,80.78,289.06,127.05,64.36,30.42,6.67,324.02,6.17,263.54,2.55,52.28,1.90,31.53
1007.27,28.54,4.05,16.71,78.06,452.00,136.68,60.82,38.90,8.28,323.74,6.21,195.16,2.67,64.49,1.24,31.85
1007.66,27.56,2.88,18.17,75.77,605.14,146.61,58.19,34.18,6.67,322.19,5.58,172.04,2.43,70.91,1.73,31.56
1006.53,25.43,3.61,18.02,75.16,309.21,176.16,61.53,31.56,7.07,322.59,6.69,116.23,2.70,79.17,1.22,35.66
1007.57,27.47,5.70,18.70,75.02,416.25,131.86,66.56,66.43,13.87,329.06,8.23,216.52,3.33,86.27,1.59,34.04
1006.92,28.27,3.62,16.84,82.79,156.25,140.82,68.57,44.15,9.70,322.50,8.07,182.31,3.55,53.90,1.55,30.32
1006.63,27.46,6.96,28.88,87.95,157.63,137.58,74.78,32.63,19.04,321.81,10.43,780.43,4.55,45.64,1.62,50.71
1007.00,26.64,10.49,32.06,86.09,74.94,130.47,77.23,41.75,37.56,326.06,11.02,778.26,5.82,41.78,1.57,67.45
1005.95,26.71,3.36,18.63,91.66,24.32,141.53,65.75,19.87,12.24,321.67,6.30,281.36,2.52,47.40,1.37,34.13
1004.19,26.31,2.65,16.16,94.67,16.44,136.95,64.49,26.90,17.17,322.32,5.68,311.71,2.60,38.10,1.58,31.66
1006.85,28.20,5.90,17.32,96.34,49.65,151.28,73.02,45.47,28.11,325.45,6.19,524.40,3.37,41.94,1.56,33.11
1007.26,27.23,2.88,19.39,96.02,41.89,137.04,60.17,33.22,8.18,324.14,6.76,323.18,2.25,35.39,1.56,37.34
1007.28,27.06,5.30,17.54,99.57,49.69,135.77,66.10,54.76,13.07,323.83,5.58,387.15,2.53,37.43,1.48,32.76
1006.88,28.58,4.38,15.76,97.81,63.07,135.51,65.48,44.78,12.33,325.15,5.49,348.31,2.35,35.16,1.25,29.85
1006.72,26.67,2.84,15.92,96.68,73.14,152.98,64.01,53.99,5.93,322.46,5.09,240.27,1.97,32.51,1.34,28.08
1007.41,27.20,4.47,17.65,96.65,68.91,127.27,67.57,50.21,13.98,323.54,6.03,257.34,2.64,36.98,1.46,29.53
1006.97,27.72,3.92,14.69,97.66,52.62,145.92,63.52,42.13,5.87,322.49,5.18,224.79,2.24,32.39,1.57,28.13
1007.72,27.55,3.49,16.37,98.27,35.95,123.80,60.74,22.35,6.07,323.59,5.18,211.74,1.87,34.76,1.95,31.06
1007.58,27.71,2.75,18.43,95.32,36.13,130.65,64.71,14.99,4.70,321.26,5.71,221.53,2.18,28.91,1.51,30.03
1008.76,26.95,3.18,16.21,96.89,37.21,134.26,63.29,19.41,6.13,322.74,6.19,239.07,2.30,29.81,2.02,28.71
1006.96,26.67,3.10,17.74,95.24,-7.17,157.00,60.86,7.34,4.02,322.41,6.55,280.00,2.59,29.85,1.37,30.58
1008.27,26.90,3.57,20.59,94.28,77.31,139.35,65.37,30.10,8.61,323.63,9.85,425.36,6.18,30.94,1.53,34.56
1006.27,26.72,4.13,23.64,94.17,118.75,139.50,68.25,33.12,14.00,323.60,8.16,416.97,5.07,32.71,1.63,35.59
1006.68,26.54,4.31,15.77,97.73,224.30,127.30,66.48,22.40,8.08,320.62,6.53,286.68,2.99,35.77,1.57,27.95
1006.67,26.16,3.75,16.15,92.21,450.90,142.76,68.12,31.94,4.77,322.97,6.51,300.30,3.18,47.36,1.64,27.42
1005.39,27.00,4.36,16.56,80.93,366.51,135.73,67.10,33.24,6.75,321.48,6.50,255.65,2.98,64.01,1.64,30.25
1007.02,27.81,2.39,16.11,72.96,632.43,151.56,64.33,45.53,2.47,320.01,6.46,215.11,2.61,80.38,1.60,30.38
1006.88,27.59,1.17,14.07,70.81,665.68,129.45,59.70,11.41,6.21,321.15,6.50,211.57,2.93,85.66,1.63,25.06
1007.35,27.46,3.82,19.20,71.37,590.87,164.81,63.68,33.56,11.57,321.95,8.83,314.77,4.39,90.05,1.61,32.46
1007.28,27.52,3.32,23.37,69.38,452.21,140.18,60.07,29.46,6.10,323.13,10.14,320.01,4.39,98.92,1.64,44.31
1006.95,29.25,3.43,31.04,85.56,139.34,136.36,64.15,18.83,10.81,322.42,10.17,329.13,4.72,90.02,1.67,71.22
1006.95,27.84,4.19,13.09,103.06,17.50,125.96,67.75,20.18,33.88,325.42,5.96,460.85,2.93,65.81,1.63,34.35
1006.38,26.84,1.62,11.64,94.93,-29.54,144.98,62.73,39.10,21.79,318.76,5.23,404.35,2.32,58.27,1.50,23.66
1006.44,27.67,2.53,12.17,97.42,-9.81,136.52,65.17,43.95,12.22,321.21,5.13,593.95,2.29,58.16,1.53,24.47
1006.83,27.60,1.95,14.51,94.66,17.75,126.62,62.89,30.53,10.36,319.29,5.35,376.95,2.08,50.60,1.66,24.67
1005.99,27.52,1.51,11.50,92.84,8.80,134.20,59.41,38.09,0.23,316.90,4.93,311.24,2.04,55.32,1.46,21.42
1005.96,27.54,3.58,21.13,90.00,51.54,135.15,68.73,51.37,21.89,321.86,8.90,678.01,3.88,44.51,1.67,34.81
1007.57,27.86,3.08,25.07,92.99,17.37,130.71,67.38,49.98,22.90,319.94,11.62,901.02,5.08,27.42,1.59,41.89
1006.05,26.47,1.76,25.16,90.54,-7.62,135.13,65.40,25.28,13.36,318.33,10.54,910.24,4.41,27.22,1.70,38.62
1007.50,26.68,2.83,18.39,94.40,7.33,128.15,63.34,18.69,12.46,319.36,8.32,503.02,3.56,31.55,1.54,33.14
1006.11,27.36,1.21,18.94,94.76,-11.94,139.48,65.33,33.79,7.47,318.10,8.32,392.51,2.94,26.62,1.56,30.80
1007.31,26.67,3.40,37.36,96.04,11.19,145.07,65.13,40.88,16.90,320.32,15.28,530.57,6.79,29.23,1.76,66.13
1008.23,26.38,1.67,39.37,94.42,-41.79,128.40,75.95,44.81,17.39,321.67,16.13,589.19,7.19,22.93,1.54,69.04
1007.28,27.19,5.03,38.30,96.68,-20.64,143.27,69.70,57.97,27.89,322.74,14.79,531.64,5.44,25.37,1.57,59.95
1006.79,27.59,3.46,20.35,97.01,-23.99,139.03,60.82,52.10,16.47,319.48,7.69,426.19,3.36,27.67,1.57,36.17
1008.39,26.37,2.78,18.00,95.11,-16.62,136.18,64.68,39.04,3.71,318.48,6.85,253.28,2.81,30.10,1.49,33.10
1006.93,27.39,4.58,24.73,92.63,128.75,135.66,70.62,33.78,8.68,319.43,9.16,461.65,4.03,29.57,1.51,44.38
1007.39,27.47,4.48,19.71,89.91,308.86,134.76,71.03,30.03,5.24,319.42,8.35,383.14,3.34,36.62,1.57,28.86
1006.47,27.67,2.34,26.52,79.57,342.62,138.17,82.54,1.51,4.79,320.03,11.19,411.68,5.66,43.94,1.39,37.47
1007.23,27.40,3.91,39.20,76.46,445.32,146.52,87.29,27.50,16.13,321.98,15.72,550.30,7.67,74.84,1.53,57.51
1006.88,28.23,2.34,31.75,74.90,560.87,124.92,73.69,14.77,4.28,316.62,13.01,430.97,5.98,83.29,1.58,48.18
1006.74,27.47,2.48,29.96,73.79,602.60,136.82,75.91,13.80,6.06,318.71,12.95,438.87,6.13,89.27,1.63,46.54
1007.64,26.78,2.07,24.32,76.67,417.56,151.71,76.63,2.48,7.12,316.46,11.89,304.59,6.04,100.72,1.79,38.78
1006.47,28.54,4.44,33.19,76.53,480.59,145.73,75.34,39.20,16.91,323.19,13.78,410.62,6.55,104.29,1.59,49.20
1007.20,27.85,4.39,24.15,75.24,324.20,134.87,75.48,75.84,16.78,324.22,12.68,595.14,6.78,98.45,1.43,40.20
1007.91,24.98,2.62,43.23,69.74,148.70,152.21,90.09,37.54,18.93,322.24,18.07,783.02,8.93,98.72,1.68,65.27
1007.17,25.93,4.45,34.73,74.24,54.06,144.13,79.29,26.30,28.58,327.36,19.10,868.19,10.75,95.63,1.48,57.37
1007.53,32.65,4.24,56.12,76.08,74.00,145.69,82.38,68.89,30.13,330.15,26.08,789.95,14.26,93.62,1.80,91.91
1006.83,26.15,4.56,46.47,80.62,28.66,148.67,74.31,58.82,23.29,325.48,22.65,859.68,12.27,63.20,1.65,81.43
1006.20,27.51,1.88,26.27,80.49,19.89,140.37,77.36,20.28,18.73,322.51,12.49,519.56,6.20,63.17,1.45,44.24
1007.50,26.98,3.15,33.41,83.19,54.23,139.05,74.45,20.28,20.02,322.22,17.41,486.56,9.17,78.29,1.50,54.92
1007.03,25.84,3.37,34.37,83.24,14.19,120.52,71.67,17.79,19.18,319.58,17.33,589.41,9.21,76.16,1.49,57.64
1007.11,27.11,1.27,29.74,80.77,33.20,145.09,71.81,40.01,18.89,323.23,15.67,417.44,9.49,80.43,1.64,57.10
1007.11,26.09,2.46,36.17,80.58,23.28,163.73,69.71,12.17,26.29,318.08,17.48,498.27,9.44,75.39,1.64,53.81
1006.97,27.49,2.69,34.58,82.93,18.29,142.82,68.25,35.79,16.47,322.37,16.90,624.52,9.63,85.08,1.85,59.24
1006.89,26.81,2.85,21.39,85.63,5.95,148.19,66.42,13.63,9.80,321.02,13.11,619.62,7.33,112.03,1.62,33.84
1006.78,27.51,3.81,28.26,87.43,28.22,152.59,63.97,27.15,8.54,323.24,14.33,794.16,8.17,115.65,1.69,45.26
1005.64,26.63,3.46,25.06,95.49,44.60,143.47,71.15,64.32,9.34,326.38,14.13,748.90,7.28,97.68,1.67,37.07
1006.88,27.68,2.88,29.11,92.88,17.66,140.90,66.79,27.93,8.10,319.84,15.20,847.52,8.31,72.35,1.61,51.74
1006.92,26.69,3.27,36.88,91.53,-3.36,146.75,73.56,58.85,11.51,322.93,19.10,953.75,10.97,70.48,1.60,58.60
1007.66,28.06,3.21,50.65,86.58,11.39,116.01,69.75,24.63,12.41,323.09,21.12,936.74,11.88,56.24,1.81,86.22
1004.78,27.62,4.22,44.10,82.63,105.68,159.06,69.67,41.34,24.09,323.59,17.32,791.59,9.03,83.37,1.66,72.71
1006.53,27.23,2.60,23.59,80.98,147.35,129.29,73.12,20.35,6.46,319.11,12.24,318.35,6.29,86.62,1.52,40.73
1008.15,27.62,3.93,32.83,80.24,377.46,146.15,81.21,35.50,21.63,323.08,14.93,538.30,8.28,88.73,1.67,51.51
1006.24,26.61,2.66,38.44,79.14,357.52,145.28,75.01,24.03,14.58,320.41,20.00,554.30,10.76,98.82,1.70,58.50
1008.01,26.20,2.63,40.33,79.42,274.88,150.47,76.95,20.41,19.65,322.86,18.43,580.69,8.93,92.95,1.39,62.09
1006.17,27.51,4.79,35.56,78.22,189.59,142.41,72.51,20.66,33.96,319.98,18.00,374.27,9.20,73.74,1.51,57.07
1007.57,25.31,0.86,24.68,79.15,96.57,138.16,73.81,10.13,17.77,318.17,15.19,249.24,8.48,81.46,1.39,40.93
1006.82,27.00,2.78,26.46,80.30,147.32,142.72,68.82,10.34,18.52,318.98,13.47,268.89,6.39,85.01,1.67,52.94
1006.50,27.82,14.26,33.25,81.39,139.90,128.68,81.51,61.84,59.31,331.84,12.99,492.96,6.61,78.56,1.66,60.69
1006.53,27.37,10.79,37.10,79.72,63.99,142.31,86.16,4.36,66.66,322.07,16.09,431.11,7.97,35.71,1.35,61.82
1006.24,26.41,2.62,35.88,82.09,51.21,138.59,75.93,25.47,17.64,320.33,17.04,584.35,9.27,64.38,1.47,60.76
1007.26,26.15,3.01,35.44,83.33,73.34,138.37,81.48,29.39,22.05,323.57,17.82,587.38,9.36,66.66,1.63,60.35
1006.53,27.39,3.26,31.17,86.12,54.41,134.57,77.04,31.25,16.62,320.46,15.24,622.70,7.93,77.81,1.52,55.47
1007.87,26.06,2.60,35.54,85.53,91.69,144.13,87.86,42.61,26.73,323.83,17.24,495.30,8.86,57.74,1.37,59.98
1007.01,25.73,2.62,37.10,89.71,103.51,145.74,68.58,41.15,29.40,323.95,15.26,329.56,7.41,43.45,1.60,64.30
1005.47,26.27,4.81,32.12,91.19,101.45,147.10,70.77,40.32,26.12,323.69,14.57,315.90,7.27,51.46,1.57,54.78
1006.35,26.95,3.15,22.96,96.63,79.43,138.03,60.69,35.04,14.68,323.09,11.84,273.87,5.54,60.56,1.62,34.60
1006.53,26.69,2.70,26.38,94.58,121.01,133.81,72.74,47.59,17.91,325.64,13.84,267.31,6.99,51.94,1.53,36.96
1005.16,27.08,5.58,32.62,93.14,52.19,147.73,74.44,35.54,49.07,323.47,14.71,284.56,6.48,36.10,1.43,47.96
1005.69,26.29,4.53,28.71,96.59,94.17,148.96,70.10,38.42,30.80,324.85,14.32,372.68,6.99,35.11,1.66,44.12
1006.30,27.68,2.61,28.22,92.25,77.75,137.15,70.84,39.47,20.72,323.15,13.80,359.59,6.32,26.74,1.63,43.69
1008.02,26.99,17.83,40.88,91.94,74.85,134.71,79.38,31.71,33.04,326.91,20.90,706.29,9.54,30.82,1.59,65.74
1007.69,27.27,20.19,38.47,88.10,79.91,170.66,73.52,15.45,22.44,324.12,26.06,923.95,11.02,26.08,1.61,118.69
1008.06,25.40,19.70,38.70,88.00,35.10,129.87,75.52,-3.83,21.02,323.15,20.92,1231.27,10.00,23.88,1.93,96.48
1005.81,27.06,21.80,63.69,87.31,95.42,137.58,87.74,10.00,28.80,326.44,20.74,1426.39,9.86,27.17,1.73,95.47
1005.56,25.97,9.53,28.87,79.52,124.44,141.14,73.62,9.73,21.88,317.95,16.71,396.68,7.02,28.15,1.70,64.70
1006.26,26.48,3.17,23.91,78.69,333.50,154.60,72.22,52.33,14.76,319.62,7.36,243.80,4.39,56.52,1.35,24.44
1007.23,25.76,5.00,28.23,73.33,183.64,156.10,82.75,24.51,18.01,317.37,12.87,249.36,5.95,41.75,1.52,41.56
1005.52,27.78,8.80,32.44,70.83,290.26,122.32,84.57,11.30,13.51,317.33,14.69,175.99,5.61,50.74,1.57,40.45
1008.10,24.94,1.90,21.64,77.37,391.65,133.02,70.56,26.32,15.15,320.14,9.74,247.04,3.36,71.04,1.49,35.36
1006.61,27.30,13.92,41.27,79.39,285.54,145.20,85.83,79.13,39.19,328.58,11.70,419.96,6.17,52.22,1.30,49.95
1007.61,29.73,7.99,27.53,76.19,180.69,130.64,63.22,28.81,27.05,319.86,12.20,231.46,4.06,45.95,1.36,54.26
1007.67,28.33,5.86,16.23,78.58,307.66,110.20,61.55,28.17,15.82,319.49,9.64,250.98,3.20,71.16,1.33,44.33
1006.08,26.32,3.08,22.20,77.86,78.68,157.92,69.83,14.31,9.94,316.52,8.49,246.04,3.55,52.80,1.30,28.69
1006.88,27.51,3.91,24.84,79.19,43.49,129.69,71.54,15.03,11.59,321.54,11.38,393.71,6.53,59.15,1.52,44.59
1007.40,28.60,8.32,41.63,80.49,41.22,142.94,75.94,8.95,52.63,328.24,25.50,648.39,14.24,35.88,1.56,90.78
1005.32,27.58,8.88,24.41,82.20,15.28,170.55,77.02,10.43,50.84,319.53,13.50,337.09,6.45,24.29,1.46,42.32
1006.47,26.55,7.02,32.04,81.45,19.86,141.25,72.90,9.84,32.96,317.40,15.36,171.37,6.94,22.82,1.29,45.98
1007.23,26.50,2.74,26.12,83.60,41.68,139.76,77.08,33.65,30.69,317.69,11.94,140.21,7.68,22.72,1.93,36.31
1008.93,27.67,1.96,25.21,87.34,102.99,135.65,79.17,81.00,24.44,324.01,15.77,191.60,7.38,34.42,1.50,32.15
1007.86,26.97,1.97,17.83,88.98,48.63,146.34,77.97,32.33,26.96,319.43,10.33,152.58,3.74,25.83,1.67,28.10
1004.98,29.28,7.53,24.25,89.25,42.63,139.63,85.87,12.76,35.65,321.48,10.99,158.59,4.04,13.84,1.76,37.21
1006.57,27.60,4.74,15.36,90.94,14.63,139.22,75.06,23.39,30.68,318.27,8.87,141.45,3.96,19.88,1.49,27.30
1006.25,27.46,3.39,24.63,91.37,41.12,146.31,71.16,46.81,28.36,322.45,12.58,283.73,5.78,25.95,2.34,38.48
1006.76,27.44,5.74,23.14,87.63,-11.14,142.30,70.71,26.83,22.75,320.10,13.79,226.37,7.36,15.38,1.66,38.44
1007.97,27.22,4.13,24.17,83.29,50.53,125.08,76.33,-2.88,21.81,317.29,11.12,280.79,4.15,17.71,1.41,37.98
1005.24,26.87,13.70,24.68,83.38,50.81,136.31,74.35,35.36,35.78,325.45,13.50,528.44,5.83,25.08,1.53,56.41
1005.95,27.21,15.24,36.63,82.49,25.76,124.80,74.89,46.62,29.65,321.30,14.24,629.52,6.48,29.74,1.59,60.83
1006.25,27.17,8.38,32.82,75.16,188.79,143.07,72.30,-7.32,12.17,318.37,14.54,280.45,6.77,30.49,1.20,58.77
1006.87,27.33,4.30,24.36,76.13,146.66,135.97,73.04,1.83,12.28,319.68,8.09,267.80,3.68,47.07,1.55,42.26
1007.31,25.89,7.16,26.52,78.04,266.82,141.53,62.91,35.37,17.88,321.60,10.92,265.97,4.59,53.00,1.29,49.44
1006.38,26.93,8.41,21.06,79.57,600.08,136.70,71.98,35.47,14.56,321.22,10.67,249.41,4.77,52.25,1.53,42.23
1007.11,28.50,2.04,16.73,75.74,753.45,140.11,67.20,16.76,5.71,315.81,8.47,122.99,3.43,60.87,1.59,29.86
1006.17,27.15,4.23,18.30,70.98,652.60,146.65,80.25,44.29,11.30,326.89,8.64,135.00,3.28,76.31,1.35,32.72
1007.37,26.88,5.23,19.10,81.19,441.66,146.03,75.14,101.69,12.19,327.46,7.94,201.82,4.13,58.06,1.66,39.55
1006.87,27.48,1.96,13.36,81.96,572.71,138.46,66.24,47.04,-2.51,322.10,5.35,195.14,3.58,61.07,1.82,26.20
1008.22,27.11,5.18,15.00,82.34,373.17,148.56,72.40,63.25,12.53,324.47,8.28,300.35,4.39,72.41,1.49,27.59
1007.32,26.10,4.12,17.40,80.86,148.07,131.81,77.36,48.81,13.31,323.23,8.50,370.96,3.48,63.61,1.98,37.71
1008.63,27.30,7.36,53.48,79.66,88.03,141.33,81.33,29.76,16.66,328.95,18.41,505.32,6.96,52.49,1.36,94.57
1006.69,27.15,5.64,38.77,80.05,4.20,158.85,77.33,1.77,12.49,324.19,18.17,623.01,8.57,51.96,1.60,56.73
1006.24,27.47,2.90,27.71,80.74,-17.68,153.00,69.89,4.33,8.78,322.46,13.89,466.27,5.58,38.31,1.47,54.79
1005.80,26.70,2.48,31.28,85.10,28.73,129.73,73.18,33.70,13.27,320.78,13.38,483.50,5.45,35.22,1.68,55.99
1005.80,27.03,1.65,32.11,88.23,21.53,138.75,85.51,27.66,25.67,321.58,15.21,417.57,6.50,18.40,1.71,54.26
1005.43,26.53,0.35,20.48,98.94,3.29,126.26,65.86,6.43,8.65,320.24,8.48,231.99,3.42,23.08,1.38,38.65
1006.56,26.50,1.97,35.38,89.88,9.12,149.32,82.17,-10.29,24.68,319.42,15.64,539.60,7.65,20.63,1.38,59.53
1007.06,27.36,1.69,35.58,86.83,-1.00,131.26,82.66,-4.52,21.72,318.99,15.81,494.78,8.09,26.15,1.57,63.04
1007.53,27.64,1.72,27.84,90.31,-6.10,148.46,77.04,11.11,7.54,318.68,13.79,342.02,6.27,28.57,1.46,42.54
1007.07,26.67,1.26,35.87,86.28,-53.60,144.59,78.92,-11.18,12.12,318.93,16.53,508.43,8.77,22.19,1.57,56.35
1006.91,27.48,3.62,32.99,88.65,-22.87,142.20,89.01,35.13,23.32,324.05,17.87,652.40,9.39,29.23,1.65,50.03
1006.11,26.94,4.08,27.52,86.35,25.55,145.25,83.16,72.98,25.08,324.40,11.84,585.36,5.84,30.88,1.42,50.08
1006.51,26.55,6.26,37.01,86.88,2.85,126.99,89.93,34.28,23.24,325.98,17.74,786.25,9.22,31.15,1.78,64.19
1006.48,28.40,1.78,14.11,80.25,11.03,132.26,63.35,13.98,3.23,319.02,5.87,113.91,2.99,52.17,1.50,26.06
1005.30,25.97,7.84,26.92,80.62,349.52,149.52,70.84,150.46,18.31,325.96,12.51,360.86,6.37,63.32,1.66,42.36
1008.32,27.72,5.67,38.28,71.87,195.46,138.26,69.69,40.32,9.93,325.05,18.20,265.38,10.31,57.82,1.63,53.66
1006.77,26.37,5.01,33.21,76.29,556.92,121.31,75.77,30.82,8.76,324.03,13.29,286.99,8.40,70.08,1.39,51.84
1006.90,26.32,2.80,15.94,72.68,744.43,139.62,58.18,26.77,10.30,321.35,6.34,242.04,3.22,73.62,1.56,31.93
1010.38,29.02,1.88,14.86,67.65,668.47,136.80,66.03,1.29,1.83,317.20,6.22,140.03,3.08,69.32,1.60,27.62
1006.45,27.40,3.15,14.29,65.40,726.71,135.27,68.31,37.87,5.63,322.79,7.21,162.02,4.72,76.60,1.61,25.32
1006.48,28.80,4.84,19.40,63.94,580.05,128.31,69.23,48.03,14.83,326.21,7.08,219.99,3.48,76.68,1.28,44.78
1010.23,25.98,3.15,26.47,62.14,353.29,134.66,61.64,50.55,5.81,323.95,7.32,174.34,3.56,66.85,1.50,51.42
1007.24,26.66,2.50,27.62,61.38,119.11,154.17,63.28,28.38,5.68,323.94,6.74,105.60,4.19,69.76,1.51,52.36
1007.75,29.09,6.94,28.49,85.76,40.31,129.53,66.84,30.65,27.80,325.80,9.26,388.81,5.05,60.53,1.67,57.90
1006.22,26.58,2.84,15.87,82.74,1.87,135.82,60.76,36.87,13.03,319.74,6.73,309.44,3.35,52.21,1.33,35.00
1006.44,26.72,3.83,20.03,79.74,10.02,137.81,63.63,41.34,10.19,321.93,9.03,295.44,4.50,59.04,1.68,32.99
1006.16,29.33,15.94,17.63,79.21,19.91,143.02,71.15,38.27,10.94,325.16,6.37,235.22,3.42,56.72,2.06,33.62
1006.29,26.90,1.51,17.15,79.37,-6.54,140.35,52.31,12.49,4.85,320.62,7.45,142.18,3.04,49.91,1.70,30.13
1006.68,27.15,1.17,11.00,80.20,-8.97,140.77,56.94,4.33,1.89,319.14,5.78,68.29,2.77,37.75,1.56,18.95
1006.51,27.53,2.21,9.76,82.33,-2.35,131.05,61.20,30.53,1.74,321.32,5.77,53.88,2.69,38.75,1.37,19.19
1006.54,26.95,2.15,13.57,87.07,7.86,137.31,56.12,19.45,0.42,318.26,5.04,94.13,2.55,35.91,1.64,22.31
1006.12,26.47,2.83,13.90,91.24,5.99,134.81,56.14,20.13,7.49,322.09,5.72,127.25,4.21,31.81,1.62,23.80
1012.38,26.86,2.67,9.01,91.09,25.96,134.64,60.76,25.17,9.63,323.48,4.95,113.78,2.60,36.00,1.46,17.30
1007.43,28.95,1.78,7.18,95.60,31.59,125.87,62.00,15.20,4.87,319.17,5.59,120.35,2.71,29.52,1.13,13.56
1006.58,27.27,3.93,11.35,85.95,18.37,142.54,57.68,28.82,9.75,320.70,3.99,216.30,2.13,34.39,1.34,21.55
1006.63,26.92,2.50,9.88,81.43,-10.57,135.68,68.21,22.18,9.32,323.51,5.72,350.49,2.90,36.90,1.40,19.53
1007.29,27.54,6.98,10.29,89.12,118.30,138.56,62.11,79.30,26.82,322.14,7.29,514.09,3.69,38.56,1.39,19.71
1007.30,27.35,3.33,10.14,85.77,156.19,149.13,66.83,65.40,8.76,323.29,4.16,226.68,1.12,40.98,1.44,19.99
1006.75,27.78,7.13,13.93,83.97,219.40,139.34,67.32,48.56,15.46,325.76,6.77,275.29,3.10,39.39,1.66,28.99
1007.27,27.16,3.54,6.39,79.91,575.08,141.66,62.49,32.02,3.50,320.99,4.13,154.46,2.29,38.57,1.50,13.88
1006.21,27.10,3.19,6.87,80.14,358.36,142.99,60.41,34.09,7.99,325.34,4.26,149.13,2.14,51.54,1.32,16.12
1005.89,27.17,1.44,6.34,82.28,544.44,139.98,58.52,26.94,5.27,320.98,3.68,117.84,1.82,43.20,1.74,13.38
1006.62,27.14,3.14,4.61,80.29,517.29,134.42,59.29,47.61,9.41,322.62,3.02,206.63,1.71,59.50,1.34,10.25
1006.64,27.37,4.29,6.89,83.53,262.43,139.65,64.16,37.97,7.93,321.79,3.52,194.82,1.75,61.20,1.21,14.37
1007.63,26.25,1.98,8.88,83.26,68.68,145.52,65.26,59.21,5.48,322.90,3.48,174.23,1.77,46.01,1.40,18.82
1006.38,26.73,2.62,10.83,81.43,83.81,135.18,57.46,33.03,7.90,317.53,5.54,248.01,3.04,47.06,1.40,20.06
1005.66,26.98,3.86,21.98,81.53,45.92,124.21,57.09,36.38,10.72,319.39,7.61,313.46,3.27,43.39,1.69,43.19
1006.12,26.84,2.14,12.34,83.18,1.77,125.00,54.89,37.84,7.72,319.67,6.19,179.37,2.69,33.56,1.45,24.47
1007.20,26.94,2.14,10.09,92.78,16.98,148.38,55.41,21.42,12.74,317.60,6.09,100.37,2.90,29.50,2.92,18.54
1006.94,26.99,3.18,16.19,89.93,25.99,137.08,65.04,35.59,14.92,321.55,7.17,118.85,3.65,34.40,1.62,32.57
1006.97,27.43,3.12,9.93,96.17,33.47,133.22,65.22,50.16,19.84,321.65,5.30,97.53,2.63,35.89,1.37,27.76
1007.04,28.10,3.33,9.60,94.80,61.97,137.00,67.65,74.76,20.13,322.42,5.57,78.28,2.77,34.98,1.63,24.38
1006.52,26.42,2.78,7.74,98.35,50.56,144.85,66.06,36.62,13.92,322.13,3.80,121.74,1.81,35.34,1.32,15.88
1006.44,26.16,3.69,6.59,95.99,48.07,142.99,61.94,44.06,7.84,321.90,2.39,153.81,1.03,49.47,1.52,14.41
1006.93,26.76,3.07,6.76,98.43,76.06,141.00,66.36,67.03,13.14,323.00,3.00,120.75,1.30,39.84,2.21,19.39
1008.49,27.15,3.90,10.59,96.60,73.08,140.65,70.96,62.47,22.01,327.49,4.19,235.69,1.88,36.17,1.69,23.96
1007.11,27.33,4.56,18.23,94.72,57.19,144.31,66.07,36.64,21.65,319.95,7.60,381.97,3.60,32.18,1.58,31.32
1007.33,28.13,4.18,30.42,93.64,31.34,128.43,75.50,73.34,21.97,323.02,11.28,926.85,4.48,32.44,1.60,58.38
1007.81,27.32,4.89,16.07,98.69,47.05,126.41,67.71,70.58,22.10,321.51,7.06,396.11,3.25,30.02,1.58,31.79
1005.27,27.41,4.28,9.39,95.92,140.23,129.74,63.27,52.79,11.81,322.04,4.39,262.05,2.07,36.08,1.33,18.23
1007.10,26.99,5.74,9.33,99.86,224.12,138.76,70.87,52.87,17.39,323.31,4.65,369.36,2.18,36.17,1.32,21.52
1007.85,27.64,5.15,9.90,95.62,327.81,144.51,68.64,57.33,13.24,324.61,4.62,279.54,1.86,42.01,1.45,19.30
1006.87,26.87,4.85,10.97,89.62,276.28,136.15,64.28,62.11,9.02,319.85,3.76,309.69,1.50,42.09,1.20,22.13
1008.82,26.72,3.84,10.79,88.44,265.83,141.72,66.39,56.72,5.93,320.63,4.16,218.21,1.42,44.98,1.46,21.71
1005.86,27.55,5.80,10.41,86.11,421.11,147.40,69.48,69.62,13.20,325.20,4.50,241.96,2.00,54.83,1.78,14.59
1006.79,26.89,6.28,8.02,82.53,504.53,140.24,66.50,94.61,27.89,323.86,3.57,227.89,1.67,58.46,1.78,13.64
1005.93,27.48,2.85,6.57,75.33,503.36,135.62,65.77,63.83,6.31,324.59,3.46,118.41,1.51,55.05,1.73,14.07
1006.60,27.93,4.79,9.04,79.05,291.19,146.23,62.27,52.98,16.91,321.00,4.31,240.74,2.30,51.39,1.29,19.53
1005.80,27.34,3.10,10.47,77.84,148.26,136.50,63.27,17.95,5.09,321.82,3.28,195.60,1.18,42.86,1.52,21.77
1006.44,27.33,4.58,11.03,83.36,105.66,130.05,65.52,34.09,10.00,322.95,3.19,253.42,1.24,46.65,1.88,23.16
1006.22,27.28,3.01,9.99,84.64,23.30,129.86,63.80,22.68,7.55,320.55,4.41,224.45,2.10,35.89,1.92,19.59
1004.27,27.85,3.13,13.08,86.89,15.24,145.81,65.09,30.91,11.33,323.10,4.91,325.09,2.23,32.50,1.74,26.72
1006.40,27.07,3.21,11.22,90.00,25.20,125.96,62.51,35.53,14.98,321.65,4.38,305.37,2.03,32.35,1.38,22.32
1007.47,26.90,3.52,22.83,85.76,2.60,136.77,68.51,54.65,12.60,322.55,8.01,276.19,3.68,29.54,1.57,40.76
1007.29,27.00,4.96,26.24,88.88,37.47,130.09,67.19,46.06,11.38,322.10,8.29,644.22,2.89,34.65,1.51,50.13
1005.63,27.13,2.24,13.25,88.95,2.33,129.97,63.08,24.53,5.00,316.75,4.86,278.50,1.65,27.61,1.51,27.95
1006.40,26.34,5.14,16.76,93.10,57.12,145.48,68.65,46.06,11.94,323.83,6.40,305.54,2.59,36.21,1.63,29.55
1006.97,26.69,2.88,15.47,92.33,29.81,125.95,65.39,27.55,9.05,321.12,6.45,286.17,2.59,32.01,1.61,28.29
1006.68,27.19,3.76,11.30,99.04,40.62,142.50,66.18,33.00,14.85,321.49,5.15,205.62,2.38,36.76,1.43,26.19
1007.14,27.05,5.20,15.10,98.55,45.88,136.57,63.14,49.08,16.07,321.51,5.80,256.49,2.65,36.45,1.59,33.16
1007.20,27.17,3.54,6.96,99.65,45.04,132.23,60.49,30.77,6.21,319.67,3.02,227.85,1.23,41.02,1.22,15.88
1006.63,27.06,3.38,7.86,98.42,74.69,141.96,63.14,47.95,7.58,319.91,3.70,289.51,1.49,44.61,1.47,13.32
1005.05,27.83,3.57,10.34,96.39,19.40,138.06,67.93,36.48,11.49,321.05,5.09,406.48,2.23,32.80,1.57,17.00
1006.75,28.19,3.23,9.87,97.06,44.65,137.61,68.80,47.34,7.16,321.46,4.41,334.99,1.69,35.67,1.58,18.57
1006.53,27.05,4.79,11.13,92.79,170.20,145.68,68.60,41.53,11.19,320.67,5.04,424.13,2.22,35.92,1.60,20.56
1005.45,27.93,5.87,15.64,92.61,208.07,139.03,64.87,52.35,13.50,319.62,5.69,334.81,2.30,36.29,1.41,26.96
1006.12,25.92,5.05,20.79,84.69,400.19,141.41,73.18,44.74,10.17,321.29,6.56,282.04,2.38,39.73,1.45,41.35
1008.22,27.31,5.36,5.97,81.11,422.32,129.50,66.55,49.46,17.67,322.10,3.35,151.61,1.41,57.73,1.76,13.73
1007.04,27.21,4.35,4.94,80.40,495.95,150.83,68.12,87.20,13.37,325.20,2.64,132.09,0.98,56.75,1.09,10.05
1006.98,26.98,3.43,4.57,80.64,346.80,130.98,63.10,86.38,7.85,318.96,2.35,88.96,0.85,47.91,1.62,8.76
1007.10,26.89,3.50,5.55,83.20,371.98,140.80,67.43,58.45,10.20,323.44,2.85,144.19,1.19,55.57,1.69,11.16
1007.38,26.64,5.24,7.15,87.06,173.71,121.89,66.15,84.49,17.41,323.78,2.73,237.30,1.07,59.36,1.75,15.31
1007.19,26.80,3.50,7.64,82.47,126.40,144.04,65.80,64.81,13.59,323.96,3.42,252.45,1.49,69.82,1.76,15.23
1007.59,27.47,4.21,11.44,82.41,85.08,136.75,68.03,58.42,15.66,324.76,4.72,291.40,2.13,71.77,1.50,20.13
1006.07,27.21,5.56,14.41,93.17,12.76,152.07,64.20,38.92,23.22,321.02,8.88,277.65,4.18,41.55,1.84,31.72
1006.90,26.89,4.66,16.37,100.64,14.22,152.60,67.88,54.70,36.80,321.14,9.72,366.53,4.67,29.65,1.36,30.85
1007.68,26.61,2.60,14.12,96.01,-21.03,137.95,62.58,19.24,16.64,317.33,7.47,354.07,3.84,30.30,1.57,25.64
1005.28,27.04,2.94,17.25,98.11,-6.80,123.46,74.20,32.25,16.24,322.93,9.17,646.10,4.55,29.25,1.70,26.49
1007.20,27.46,2.94,22.18,94.42,28.00,141.83,69.55,31.57,19.53,321.79,11.63,648.52,6.57,35.11,1.66,37.56
1007.18,26.77,2.46,16.91,88.93,25.02,141.42,67.80,29.19,11.11,321.08,8.59,556.82,4.63,54.64,1.42,26.65
1007.00,27.58,3.88,17.31,89.90,39.88,146.77,69.60,38.39,16.89,322.97,7.59,337.32,3.59,64.86,1.71,31.17
1007.32,27.11,3.11,37.31,88.26,18.39,136.19,76.46,55.17,11.58,323.27,14.94,608.83,6.04,49.72,1.55,54.95
1007.91,27.53,4.32,33.36,82.76,40.40,148.83,72.01,54.23,10.10,323.95,13.43,492.20,6.08,66.43,1.56,53.31
1007.70,29.45,3.53,14.57,78.72,31.17,138.74,73.52,45.61,7.53,324.07,9.22,233.33,5.45,72.00,1.81,23.76
1005.95,27.18,3.75,17.31,77.03,31.63,181.27,69.18,46.43,7.05,324.16,10.61,344.82,5.81,81.26,1.54,27.49
1006.54,25.64,3.49,17.12,74.75,14.24,123.66,69.29,30.11,3.76,322.36,10.29,304.64,5.48,78.52,1.71,28.06
1008.94,26.90,3.37,18.68,77.46,31.27,135.77,68.68,49.53,6.72,324.20,9.91,366.38,5.28,82.45,1.65,29.07
1007.14,26.79,2.72,18.17,75.34,50.32,135.84,66.91,29.52,2.59,318.45,9.15,331.23,4.64,69.98,1.30,28.01
1007.12,27.24,3.32,19.28,72.17,175.44,141.79,65.19,25.89,2.40,322.65,9.57,293.77,4.77,78.20,1.57,31.90
1006.04,27.35,2.26,13.10,67.85,273.07,151.21,64.10,23.03,1.19,322.59,7.16,205.66,4.07,78.38,1.60,16.35
1007.17,26.55,3.44,14.44,65.52,600.90,136.68,63.13,30.70,1.78,320.72,6.42,214.93,3.82,76.89,1.76,23.17
1006.51,28.08,2.38,14.18,65.34,789.37,139.68,65.77,53.95,3.31,325.40,6.46,185.13,3.10,79.91,1.51,22.30
1006.57,26.56,2.73,12.78,64.77,660.60,181.57,67.72,39.63,3.99,326.21,6.23,164.02,2.86,78.33,1.48,19.72
1008.22,27.24,3.47,12.72,67.79,382.72,141.68,67.61,46.20,7.30,325.12,6.28,234.00,3.03,76.67,1.59,19.38
1006.57,27.10,4.38,15.34,68.73,347.78,146.46,66.61,53.71,3.32,321.58,7.23,270.80,3.52,72.72,1.65,24.64
1009.09,26.51,4.02,14.81,75.02,229.05,115.85,70.16,72.01,10.23,326.64,7.19,267.16,3.82,82.63,1.56,27.26
1005.38,26.86,3.06,12.66,73.51,108.35,150.94,64.59,31.60,8.06,320.41,6.28,226.60,3.25,76.64,1.66,23.43
1005.69,27.07,2.44,9.91,75.78,39.88,153.25,63.82,45.21,5.04,322.75,5.25,183.31,2.45,76.64,1.54,20.02
1006.97,27.42,2.35,12.19,75.49,12.26,130.93,65.37,35.28,4.44,323.53,6.14,218.54,3.28,88.00,1.61,23.50
1006.30,27.27,5.42,11.91,78.17,36.15,134.97,67.29,56.31,7.71,325.09,6.05,245.57,3.16,99.86,1.59,23.11
1005.48,27.66,3.21,10.94,78.40,21.96,144.67,62.51,33.09,5.67,323.71,5.57,188.93,2.73,82.26,1.71,20.13
1007.33,26.85,3.68,11.62,76.57,29.57,144.27,67.80,27.35,11.20,323.60,5.68,229.21,3.17,78.19,1.56,21.43
1006.88,27.26,2.74,8.54,78.50,6.58,129.72,60.99,29.72,2.03,320.43,5.09,154.47,2.50,80.04,1.61,15.61
1005.94,26.85,1.71,8.93,77.51,34.76,158.12,64.18,47.94,1.75,322.38,4.50,158.73,2.36,79.18,1.39,17.83
1005.34,27.56,1.87,9.39,79.13,8.40,139.51,58.59,18.30,-1.04,318.84,4.64,163.30,2.17,73.40,1.64,15.35
1006.21,26.90,2.96,8.31,76.70,25.52,152.59,64.66,28.91,4.68,324.01,4.79,186.45,2.56,82.38,1.59,17.02
1006.65,27.27,4.51,8.25,78.72,49.24,155.21,66.03,67.56,10.74,324.37,4.75,235.13,2.55,82.32,1.59,15.64
1008.56,25.60,4.93,7.69,79.55,92.55,138.95,66.65,66.16,12.56,325.59,4.39,270.94,2.37,83.90,1.37,14.16
1006.49,27.13,3.15,7.46,78.71,45.71,174.82,65.78,55.70,4.77,324.16,4.46,215.40,2.50,78.64,1.65,13.45
1011.53,27.19,2.26,7.82,77.45,19.57,160.95,65.72,50.13,3.70,323.23,5.26,194.23,2.87,70.82,1.65,14.30
1007.49,27.72,2.88,11.84,75.65,6.17,213.65,67.60,35.60,7.49,324.50,7.03,243.37,4.33,69.88,1.69,20.23
1007.12,27.97,3.01,15.32,76.41,143.56,159.39,67.23,28.99,6.92,324.72,8.10,265.53,4.96,67.23,1.30,24.73
1007.23,26.24,4.91,21.18,73.51,196.69,137.57,66.80,25.60,15.62,322.90,10.37,388.35,6.06,61.63,1.58,38.04
1007.46,27.15,5.37,17.96,73.92,521.77,132.51,65.18,54.44,11.00,322.85,7.75,270.16,4.18,61.02,1.47,30.63
1006.51,27.56,2.95,16.07,68.71,497.32,137.27,67.42,23.71,5.45,323.40,7.44,211.91,4.46,62.34,1.72,28.36
1006.07,27.37,2.53,18.80,66.48,657.26,141.84,64.36,32.68,4.13,321.26,7.49,209.91,3.88,67.27,1.45,36.22
1006.93,27.83,2.49,16.10,64.32,548.00,139.34,62.86,27.41,6.57,320.34,6.86,169.32,3.46,67.41,1.58,28.94
1006.05,26.97,2.03,9.39,62.95,652.63,129.92,65.75,33.10,3.46,324.80,5.30,125.72,2.81,72.06,1.48,17.56
1006.10,27.20,2.36,16.27,62.65,535.85,134.82,64.48,34.46,4.88,322.49,6.45,155.59,3.05,65.61,1.67,29.81
1006.85,28.30,2.69,15.47,64.12,508.47,146.43,70.01,37.72,9.68,326.38,6.24,202.13,3.23,74.30,1.42,29.10
1007.24,26.85,5.34,18.25,66.48,369.63,138.03,71.47,77.03,16.91,328.54,7.43,281.23,4.11,81.98,1.79,32.16
1007.23,26.90,3.65,30.28,65.61,144.01,142.02,67.35,25.59,10.26,321.94,11.81,267.64,5.49,73.90,1.50,49.23
1006.90,27.17,3.29,27.97,65.63,28.40,149.10,70.43,35.28,9.62,324.97,11.07,225.45,5.79,78.13,1.39,46.75
1008.39,27.03,2.27,12.41,66.97,5.65,139.00,70.00,24.55,4.06,323.02,6.69,218.89,3.97,82.34,1.45,24.61
1006.29,26.88,2.33,18.23,67.50,1.51,139.13,66.66,25.83,1.91,321.27,7.47,150.61,4.28,78.91,1.51,34.10
1005.85,27.30,3.46,19.89,68.79,51.36,129.85,72.38,50.11,7.71,325.82,9.74,205.63,5.58,82.52,1.48,35.66
1007.26,26.96,2.98,17.68,68.69,31.62,135.18,72.01,38.89,7.91,323.16,7.20,194.38,4.14,79.51,1.52,32.39
1006.24,28.04,3.13,12.22,69.27,28.66,144.71,70.84,53.74,6.82,323.96,6.47,176.54,3.90,79.94,1.40,23.66
1006.96,27.32,2.25,11.34,68.75,19.24,143.23,65.86,40.94,7.94,320.29,5.81,137.50,3.28,70.47,1.65,22.13
1006.38,27.98,3.34,13.00,74.57,31.32,131.27,65.88,35.22,5.92,322.29,6.92,243.38,4.22,67.31,1.54,19.26
1006.86,27.02,2.44,9.76,69.08,46.16,138.83,67.62,47.41,2.81,321.16,5.28,151.08,2.55,68.47,1.52,17.15
1007.19,27.67,2.30,10.14,70.49,32.07,137.41,75.94,61.77,5.70,327.57,5.04,147.70,2.84,83.56,1.31,22.18
1006.75,26.58,4.94,13.81,72.19,32.42,128.76,69.35,52.22,14.19,324.44,6.36,238.89,3.85,77.15,1.88,25.08
1006.67,28.24,2.54,11.67,68.94,1.90,143.78,70.57,39.30,6.29,322.52,4.97,145.10,2.45,68.47,1.39,23.37
1007.59,27.11,4.53,17.10,72.11,-18.35,137.81,67.73,54.21,14.61,322.37,6.27,272.20,3.51,69.30,1.66,30.17
1006.70,28.77,3.51,14.79,74.90,109.42,151.66,63.74,50.56,6.39,320.44,6.73,252.08,3.39,67.53,1.47,27.06
1007.14,26.92,3.95,17.21,72.23,223.51,126.68,66.07,57.95,10.51,321.69,7.63,273.53,4.34,66.56,1.63,30.01
1005.77,28.18,1.51,16.99,69.59,332.02,121.26,62.28,30.02,0.32,317.35,5.98,107.66,2.96,59.38,1.38,34.74
1006.71,26.43,3.35,18.01,69.99,415.43,139.60,66.59,40.35,7.57,322.85,6.66,181.75,3.45,70.99,1.54,37.20
1006.29,26.51,1.72,16.42,69.41,425.76,140.84,66.07,28.98,4.20,320.97,6.96,172.44,4.24,66.30,1.44,33.85
1007.91,27.47,3.67,14.27,69.19,552.94,137.12,65.60,25.56,10.39,321.49,6.40,265.69,3.84,74.05,1.58,26.87
1005.33,27.22,1.81,13.15,70.96,517.16,144.06,65.63,32.64,6.34,320.76,5.82,191.07,3.55,76.40,1.39,24.54
1005.97,26.89,3.19,24.70,69.38,359.60,124.72,65.29,38.51,6.59,320.09,12.33,271.04,6.56,74.79,1.68,44.74
1004.44,27.35,2.15,19.85,66.99,371.09,135.37,70.28,35.26,3.97,321.40,7.18,207.57,3.66,81.46,1.63,47.67
1007.62,26.64,1.73,19.48,67.11,221.12,133.19,65.93,37.76,0.86,319.21,7.96,162.38,4.15,80.03,1.51,38.67
1005.38,27.26,4.39,40.06,70.27,110.52,127.98,72.88,45.85,10.13,326.62,17.44,315.69,9.25,82.62,1.64,65.19
1007.76,28.26,1.79,29.75,70.07,34.79,125.05,68.67,35.47,7.83,321.58,13.70,306.95,7.45,69.64,1.62,58.06
1004.98,27.43,4.13,25.77,72.99,32.37,158.33,71.65,43.85,11.75,325.24,11.29,512.10,6.98,74.57,1.57,47.79
1007.55,26.77,3.03,17.59,70.73,15.54,136.45,68.47,44.86,5.94,321.98,7.20,229.09,3.67,85.60,1.60,32.65
1005.88,26.80,3.33,17.59,69.42,28.41,141.51,70.37,53.47,6.56,324.35,7.63,209.31,4.33,93.19,1.52,29.58
1006.95,26.97,4.56,17.64,69.42,56.81,136.87,70.48,64.97,9.30,324.35,6.92,229.10,3.69,92.27,1.70,31.39
1006.93,26.45,2.13,13.03,71.12,32.85,152.23,68.78,35.63,2.48,322.47,5.71,184.73,3.20,91.44,1.54,25.30
1008.67,27.16,5.28,16.79,69.61,64.54,130.22,70.54,54.75,9.64,325.82,6.74,281.32,4.44,96.07,1.47,31.87
1006.07,26.64,3.17,12.53,69.92,58.96,192.37,72.85,54.86,7.09,326.57,5.30,193.19,2.89,93.09,1.54,24.10
1006.23,26.77,3.26,11.77,68.63,55.45,146.37,70.00,44.00,6.03,322.74,5.81,178.88,3.67,88.71,1.51,20.03
